intent,k,p_full,p_masked,p_kept,PN,PS,n_key
click_request,5,0.7598738074302673,0.6624199151992798,0.6915496587753296,0.09745389223098755,0.1915496587753296,5
click_request,5,0.7386142015457153,0.6035500168800354,0.7040122151374817,0.13506418466567993,0.2040122151374817,5
credential_request,5,0.412067174911499,0.247575044631958,0.32199224829673767,0.16449213027954102,0.0,5
click_request,5,0.7541190981864929,0.7151808142662048,0.7179550528526306,0.038938283920288086,0.21795505285263062,5
click_request,5,0.7524015307426453,0.5166897177696228,0.6875179409980774,0.23571181297302246,0.1875179409980774,5
urgency,5,0.6335118412971497,0.5013296604156494,0.33879485726356506,0.13218218088150024,0.0,5
payment_request,5,0.9096787571907043,0.8927509784698486,0.7466279864311218,0.016927778720855713,0.24662798643112183,5
credential_request,5,0.7980203628540039,0.6935489177703857,0.8105297088623047,0.10447144508361816,0.3105297088623047,5
credential_request,5,0.8381071090698242,0.2003014087677002,0.7255434989929199,0.637805700302124,0.22554349899291992,5
payment_request,5,0.6230191588401794,0.195550337433815,0.4515768885612488,0.42746882140636444,0.0,5
data_request,5,0.6868765950202942,0.4359053671360016,0.5289299488067627,0.2509712278842926,0.028929948806762695,5
credential_request,5,0.8174862861633301,0.5053324699401855,0.6701186299324036,0.31215381622314453,0.17011862993240356,5
payment_request,5,0.8820385932922363,0.7642055749893188,0.7740634083747864,0.11783301830291748,0.2740634083747864,5
click_request,5,0.6213355660438538,0.5365456938743591,0.6553054451942444,0.08478987216949463,0.15530544519424438,5
click_request,5,0.693347156047821,0.5556709170341492,0.6690728664398193,0.13767623901367188,0.16907286643981934,5
click_request,5,0.744021475315094,0.74143385887146,0.5476917028427124,0.002587616443634033,0.0476917028427124,5
credential_request,5,0.8658076524734497,0.7688755989074707,0.7261817455291748,0.096932053565979,0.2261817455291748,5
credential_request,5,0.7776496410369873,0.26300013065338135,0.8284376263618469,0.514649510383606,0.3284376263618469,5
data_request,5,0.780666172504425,0.28267696499824524,0.6951236724853516,0.4979892075061798,0.19512367248535156,5
click_request,5,0.654137372970581,0.473471075296402,0.6719762086868286,0.18066629767417908,0.1719762086868286,5
payment_request,5,0.9008788466453552,0.8841190338134766,0.8986101746559143,0.016759812831878662,0.3986101746559143,5
click_request,5,0.7377407550811768,0.7013629674911499,0.7305043935775757,0.036377787590026855,0.23050439357757568,5
payment_request,5,0.885182797908783,0.8560287356376648,0.6009227633476257,0.029154062271118164,0.10092276334762573,5
credential_request,5,0.6868055462837219,0.28190502524375916,0.48539096117019653,0.40490052103996277,0.0,5
click_request,5,0.7410560846328735,0.6201153993606567,0.7381318807601929,0.1209406852722168,0.23813188076019287,5
credential_request,5,0.7909958958625793,0.21487943828105927,0.7327224016189575,0.5761164575815201,0.23272240161895752,5
click_request,5,0.7382266521453857,0.7262948155403137,0.7201479077339172,0.011931836605072021,0.22014790773391724,5
click_request,5,0.5671917200088501,0.6232983469963074,0.6010246276855469,0.0,0.10102462768554688,5
urgency,5,0.4013603925704956,0.3123125433921814,0.3335403501987457,0.08904784917831421,0.0,5
data_request,5,0.8984784483909607,0.8029512166976929,0.7417077422142029,0.09552723169326782,0.24170774221420288,5
click_request,5,0.7731368541717529,0.743996262550354,0.6371872425079346,0.029140591621398926,0.13718724250793457,5
credential_request,5,0.8370600342750549,0.22331152856349945,0.8411204814910889,0.6137485057115555,0.34112048149108887,5
authority,5,0.43140909075737,0.2756943702697754,0.49712425470352173,0.1557147204875946,0.0,5
credential_request,5,0.7187383770942688,0.47906795144081116,0.4143313467502594,0.23967042565345764,0.0,5
click_request,5,0.7478761076927185,0.7165591716766357,0.6880829930305481,0.031316936016082764,0.1880829930305481,5
credential_request,5,0.8113176226615906,0.5144582986831665,0.6951847672462463,0.2968593239784241,0.19518476724624634,5
payment_request,5,0.8144734501838684,0.24666044116020203,0.8091134428977966,0.5678130090236664,0.30911344289779663,5
payment_request,5,0.9096437096595764,0.8321743607521057,0.7146053910255432,0.0774693489074707,0.2146053910255432,5
payment_request,5,0.7623392343521118,0.38686439394950867,0.4625611901283264,0.37547484040260315,0.0,5
credential_request,5,0.8477681279182434,0.7401044368743896,0.7341947555541992,0.10766369104385376,0.23419475555419922,5
urgency,5,0.5187370777130127,0.38797757029533386,0.3510254919528961,0.13075950741767883,0.0,5
credential_request,5,0.8452585339546204,0.33277103304862976,0.8314369916915894,0.5124875009059906,0.33143699169158936,5
click_request,10,0.7598738074302673,0.5531813502311707,0.7608088850975037,0.20669245719909668,0.26080888509750366,10
click_request,10,0.7386142015457153,0.5324155688285828,0.7449907660484314,0.20619863271713257,0.2449907660484314,10
credential_request,10,0.412067174911499,0.18244294822216034,0.5193308591842651,0.22962422668933868,0.019330859184265137,10
click_request,10,0.7541190981864929,0.691028356552124,0.7504764795303345,0.0630907416343689,0.2504764795303345,10
click_request,10,0.7524015307426453,0.5287887454032898,0.7390215992927551,0.22361278533935547,0.23902159929275513,10
urgency,10,0.6335118412971497,0.38942474126815796,0.49842581152915955,0.2440871000289917,0.0,10
payment_request,10,0.9096787571907043,0.5248088240623474,0.9042652249336243,0.38486993312835693,0.40426522493362427,10
credential_request,10,0.7980203628540039,0.6896908283233643,0.8196294903755188,0.10832953453063965,0.3196294903755188,10
credential_request,10,0.8381071090698242,0.22068054974079132,0.8127960562705994,0.6174265593290329,0.31279605627059937,10
payment_request,10,0.6230191588401794,0.20633822679519653,0.49812427163124084,0.4166809320449829,0.0,10
data_request,10,0.6868765950202942,0.31095218658447266,0.6491578817367554,0.37592440843582153,0.14915788173675537,10
credential_request,10,0.8174862861633301,0.20814953744411469,0.8690415024757385,0.6093367487192154,0.3690415024757385,10
payment_request,10,0.8820385932922363,0.2679983973503113,0.7498162984848022,0.614040195941925,0.24981629848480225,10
click_request,10,0.6213355660438538,0.524573802947998,0.6613829135894775,0.09676176309585571,0.16138291358947754,10
click_request,10,0.693347156047821,0.5379474759101868,0.727810263633728,0.15539968013763428,0.22781026363372803,10
click_request,10,0.744021475315094,0.7158793210983276,0.6524357199668884,0.028142154216766357,0.15243571996688843,10
credential_request,10,0.8658076524734497,0.7242134213447571,0.8197396397590637,0.14159423112869263,0.3197396397590637,10
credential_request,10,0.7776496410369873,0.23588326573371887,0.8133074045181274,0.5417663753032684,0.31330740451812744,10
data_request,10,0.780666172504425,0.3018628656864166,0.8444709777832031,0.4788033068180084,0.3444709777832031,10
click_request,10,0.654137372970581,0.5116562247276306,0.5906428098678589,0.14248114824295044,0.09064280986785889,10
payment_request,10,0.9008788466453552,0.7025965452194214,0.912959098815918,0.19828230142593384,0.41295909881591797,10
click_request,10,0.7377407550811768,0.6909297108650208,0.7382868528366089,0.046811044216156006,0.2382868528366089,10
payment_request,10,0.885182797908783,0.8100118041038513,0.8762603998184204,0.07517099380493164,0.3762603998184204,10
credential_request,10,0.6868055462837219,0.3731841444969177,0.6794794797897339,0.3136214017868042,0.1794794797897339,10
click_request,10,0.7410560846328735,0.5928291082382202,0.7359213829040527,0.14822697639465332,0.23592138290405273,10
credential_request,10,0.7909958958625793,0.2076796442270279,0.7458276152610779,0.5833162516355515,0.24582761526107788,10
click_request,10,0.7382266521453857,0.5642293691635132,0.7454706430435181,0.17399728298187256,0.24547064304351807,10
click_request,10,0.5671917200088501,0.524780809879303,0.6509430408477783,0.04241091012954712,0.15094304084777832,10
urgency,10,0.4013603925704956,0.43560588359832764,0.3223712742328644,0.0,0.0,10
data_request,10,0.8984784483909607,0.3259468376636505,0.8694876432418823,0.5725316107273102,0.3694876432418823,10
click_request,10,0.7731368541717529,0.7052465081214905,0.6885766386985779,0.06789034605026245,0.18857663869857788,10
credential_request,10,0.8370600342750549,0.18466033041477203,0.8378238081932068,0.6523997038602829,0.3378238081932068,10
authority,10,0.43140909075737,0.25775742530822754,0.46844643354415894,0.17365166544914246,0.0,10
credential_request,10,0.7187383770942688,0.27052730321884155,0.6147766709327698,0.44821107387542725,0.11477667093276978,10
click_request,10,0.7478761076927185,0.6903369426727295,0.7628534436225891,0.057539165019989014,0.2628534436225891,10
credential_request,10,0.8113176226615906,0.38300612568855286,0.8587989211082458,0.4283114969730377,0.35879892110824585,10
payment_request,10,0.8144734501838684,0.25835517048835754,0.8041158318519592,0.5561182796955109,0.30411583185195923,10
payment_request,10,0.9096437096595764,0.4290343225002289,0.8731515407562256,0.48060938715934753,0.3731515407562256,10
payment_request,10,0.7623392343521118,0.23580855131149292,0.7092085480690002,0.5265306830406189,0.20920854806900024,10
credential_request,10,0.8477681279182434,0.6649136543273926,0.8322058320045471,0.18285447359085083,0.3322058320045471,10
urgency,10,0.5187370777130127,0.4097398519515991,0.40546688437461853,0.10899722576141357,0.0,10
credential_request,10,0.8452585339546204,0.2397008091211319,0.8850947618484497,0.6055577248334885,0.3850947618484497,10
click_request,20,0.7598738074302673,0.5625530481338501,0.7585247159004211,0.19732075929641724,0.25852471590042114,20
click_request,20,0.7386142015457153,0.44648489356040955,0.7386142015457153,0.2921293079853058,0.23861420154571533,14
credential_request,20,0.412067174911499,0.24772194027900696,0.37050506472587585,0.16434523463249207,0.0,20
click_request,20,0.7541190981864929,0.6224515438079834,0.7547293901443481,0.13166755437850952,0.25472939014434814,20
click_request,20,0.7524015307426453,0.4464849829673767,0.7524015307426453,0.30591654777526855,0.25240153074264526,13
urgency,20,0.6335118412971497,0.4174055755138397,0.633179247379303,0.21610626578330994,0.13317924737930298,20
payment_request,20,0.9096787571907043,0.43413880467414856,0.9219269752502441,0.4755399525165558,0.42192697525024414,20
credential_request,20,0.7980203628540039,0.37149956822395325,0.8834871649742126,0.42652079463005066,0.38348716497421265,20
credential_request,20,0.8381071090698242,0.30432382225990295,0.8381071090698242,0.5337832868099213,0.3381071090698242,16
payment_request,20,0.6230191588401794,0.422465056180954,0.6230191588401794,0.20055410265922546,0.12301915884017944,20
data_request,20,0.6868765950202942,0.33238881826400757,0.6868765950202942,0.3544877767562866,0.1868765950202942,20
credential_request,20,0.8174862861633301,0.2114475667476654,0.8930123448371887,0.6060387194156647,0.3930123448371887,20
payment_request,20,0.8820385932922363,0.3023131489753723,0.90165776014328,0.579725444316864,0.40165776014328003,20
click_request,20,0.6213355660438538,0.531207263469696,0.6448805928230286,0.09012830257415771,0.14488059282302856,20
click_request,20,0.693347156047821,0.5818003416061401,0.624586820602417,0.11154681444168091,0.12458682060241699,20
click_request,20,0.744021475315094,0.5869368314743042,0.7315211892127991,0.1570846438407898,0.23152118921279907,20
credential_request,20,0.8658076524734497,0.5965215563774109,0.880883514881134,0.2692860960960388,0.38088351488113403,20
credential_request,20,0.7776496410369873,0.30432382225990295,0.7776496410369873,0.47332581877708435,0.2776496410369873,20
data_request,20,0.780666172504425,0.26706597208976746,0.837505042552948,0.5136002004146576,0.337505042552948,20
click_request,20,0.654137372970581,0.5401071906089783,0.6624478697776794,0.11403018236160278,0.16244786977767944,20
payment_request,20,0.9008788466453552,0.4307330846786499,0.9203876256942749,0.4701457619667053,0.4203876256942749,20
click_request,20,0.7377407550811768,0.5807907581329346,0.7547062039375305,0.1569499969482422,0.2547062039375305,20
payment_request,20,0.885182797908783,0.5677306652069092,0.8885061740875244,0.3174521327018738,0.3885061740875244,20
credential_request,20,0.6868055462837219,0.30432382225990295,0.6868055462837219,0.38248172402381897,0.18680554628372192,17
click_request,20,0.7410560846328735,0.5564746260643005,0.7501127123832703,0.184581458568573,0.25011271238327026,20
credential_request,20,0.7909958958625793,0.30432382225990295,0.7909958958625793,0.4866720736026764,0.29099589586257935,16
click_request,20,0.7382266521453857,0.5745532512664795,0.7445777654647827,0.16367340087890625,0.24457776546478271,20
click_request,20,0.5671917200088501,0.5429949760437012,0.5950548052787781,0.024196743965148926,0.09505480527877808,20
urgency,20,0.4013603925704956,0.4177924394607544,0.4013603925704956,0.0,0.0,20
data_request,20,0.8984784483909607,0.3323889970779419,0.8984784483909607,0.5660894513130188,0.3984784483909607,19
click_request,20,0.7731368541717529,0.6435883641242981,0.7671988010406494,0.12954849004745483,0.2671988010406494,20
credential_request,20,0.8370600342750549,0.20878025889396667,0.7621008157730103,0.6282797753810883,0.26210081577301025,20
authority,20,0.43140909075737,0.3439251482486725,0.4905856251716614,0.08748394250869751,0.0,20
credential_request,20,0.7187383770942688,0.30432382225990295,0.7187383770942688,0.41441455483436584,0.2187383770942688,16
click_request,20,0.7478761076927185,0.5994980335235596,0.763462483882904,0.14837807416915894,0.26346248388290405,20
credential_request,20,0.8113176226615906,0.32915499806404114,0.7956115007400513,0.48216262459754944,0.29561150074005127,20
payment_request,20,0.8144734501838684,0.41522881388664246,0.8069730997085571,0.39924463629722595,0.30697309970855713,20
payment_request,20,0.9096437096595764,0.218764528632164,0.8962178230285645,0.6908791810274124,0.39621782302856445,20
payment_request,20,0.7623392343521118,0.422465056180954,0.7623392343521118,0.33987417817115784,0.2623392343521118,20
credential_request,20,0.8477681279182434,0.34775248169898987,0.8320159912109375,0.5000156462192535,0.3320159912109375,20
urgency,20,0.5187370777130127,0.49765628576278687,0.5129631161689758,0.02108079195022583,0.01296311616897583,20
credential_request,20,0.8452585339546204,0.2031760960817337,0.8700507283210754,0.6420824378728867,0.37005072832107544,20
