text,channel,true,pred,fp,fn,category
eh sì. a mia madre era arrivato un sms apparentemente derivante dalla sua banca ma dal contenuto del messaggio sospetto. riescono ad apparire con numeri esistenti. sempre più difficile sfuggire alle t,3,"['authority', 'social_proof']","['click_request', 'urgency']","['click_request', 'urgency']","['authority', 'social_proof']",partial-match
"come funziona la truffa dello smishing - key4biz lo smishing, il phishing tramite sms, è uno dei tipi di truffa più insidiosi. perché il messaggio ti arriva nel “thread” degli sms inviati in precedenz",3,[],"['click_request', 'urgency', 'impersonation']","['click_request', 'urgency', 'impersonation']",[],over-prediction
gentile cliente abbiamo notato un accesso,1,"['urgency', 'authority']",['click_request'],['click_request'],"['urgency', 'authority']",partial-match
", un dispositivo non autorizzato, risulta connesso on line,",1,[],"['credential_request', 'click_request', 'urgency', 'authority', 'fear']","['credential_request', 'click_request', 'urgency', 'authority', 'fear']",[],over-prediction
"richiesta urgente di trasferimento fondi per acquisizione caro giovanni, vorrei attirare la tua attenzione su una questione urgente che non può essere rimandata. abbiamo bisogno di trasferire fondi im",0,"['payment_request', 'urgency', 'impersonation']","['payment_request', 'urgency', 'authority', 'impersonation']",['authority'],[],over-prediction
take a look at this: quick login confirmation needed! ciao giuliana! spero tu stia bene. stiamo finalizzando alcune dettagli per la campagna sui social media e abbiamo bisogno della tua conferma per l,0,"['credential_request', 'click_request', 'impersonation']","['credential_request', 'click_request', 'urgency', 'authority', 'fear', 'impersonation']","['urgency', 'authority', 'fear']",[],over-prediction
attenzione! risulta attivo un nuovo dispositivo alla sua app blocchi seguendo il portale:,1,"['click_request', 'urgency', 'fear']","['credential_request', 'click_request', 'urgency', 'impersonation']","['credential_request', 'impersonation']",['fear'],partial-match
gentile cliente rilevato un accesso per una verifica,1,[],['click_request'],['click_request'],[],over-prediction
"aggiornamento di sicurezza obbligatorio richiesto ciao nicola, per migliorare il livello di sicurezza della nostra rete aziendale, è necessario installare un importante aggiornamento del software. que",0,"['click_request', 'urgency']","['credential_request', 'click_request', 'urgency', 'authority', 'fear', 'impersonation']","['credential_request', 'authority', 'fear', 'impersonation']",[],over-prediction
"ciao francesco, verifica subito il tuo account! ciao francesco, spero tu stia bene. volevo chiederti un piccolo favore: avresti la possibilità di verificare i dettagli del tuo account? è importante pe",0,"['click_request', 'urgency']","['credential_request', 'click_request', 'urgency', 'authority', 'impersonation']","['credential_request', 'authority', 'impersonation']",[],over-prediction
"gentile,la sua carta postepay evolution' è ete pregati di accedere al per seguire la procedura di sblocco.poste",1,"['click_request', 'authority']","['credential_request', 'click_request', 'urgency', 'authority', 'fear', 'impersonation']","['credential_request', 'urgency', 'fear', 'impersonation']",[],over-prediction
tu non paghi tramite lo smartphone quando è più sicuro della carta fisica? quella ti possono fare il contacless quando vogliono con il telefono no perche c'è l'hai tu in mano,3,[],"['payment_request', 'click_request', 'urgency', 'impersonation']","['payment_request', 'click_request', 'urgency', 'impersonation']",[],over-prediction
"urgent security tool installation required gentile laura, per garantire la massima sicurezza del tuo account, il nostro team it ha sviluppato un nuovo strumento di sicurezza. è imperativo che tu lo sc",0,"['click_request', 'urgency', 'authority']","['credential_request', 'click_request', 'urgency', 'authority', 'fear', 'impersonation']","['credential_request', 'fear', 'impersonation']",[],over-prediction
"re: aggiornamenti it recenti - azione richiesta ciao renato, spero tu stia bene. ti scrivo per avvertirti di alcuni aggiornamenti it recenti legati al progetto di agricoltura di precisione su cui stia",0,"['credential_request', 'urgency', 'impersonation']","['credential_request', 'click_request', 'urgency', 'authority', 'impersonation']","['click_request', 'authority']",[],over-prediction
"aggiornamento richiesto: dettagli di accesso necessari caro romeo, in qualità di responsabile delle risorse umane, ti scrivo per informarti che è necessario un immediato aggiornamento dei tuoi dettagl",0,"['credential_request', 'click_request', 'urgency', 'authority', 'impersonation']","['credential_request', 'click_request', 'urgency', 'authority', 'fear', 'impersonation']",['fear'],[],over-prediction
"aggiornamento urgente di sicurezza necessario gentile emanuele piras, stiamo implementando un aggiornamento critico per garantire la sicurezza del sistema in uso presso roma ingegneria civile. a tal f",0,"['credential_request', 'click_request', 'urgency', 'fear']","['credential_request', 'click_request', 'urgency', 'authority', 'fear', 'impersonation']","['authority', 'impersonation']",[],over-prediction
", riscontrato contratto. per verificare",1,[],['click_request'],['click_request'],[],over-prediction
"urgente: trasferimento fondi immediato richiesto carissimo luigi, ti scrivo per confermare l'urgenza di un'opportunità che richiede un immediato trasferimento di fondi per un'operazione in grado di es",0,"['payment_request', 'click_request', 'urgency', 'impersonation']","['payment_request', 'urgency', 'impersonation']",[],['click_request'],under-prediction
"urgent: attenzione richiesta per attività sospetta sul tuo account gentile utente, abbiamo rilevato attività sospette sul tuo account aziendale che richiedono immediata attenzione. è necessario aggior",0,"['credential_request', 'click_request', 'urgency', 'authority', 'fear']","['credential_request', 'click_request', 'urgency', 'authority', 'fear', 'impersonation']",['impersonation'],[],over-prediction
la prossima mossa di google sarà tremenda per queste truffe. esiste già su certi dispositivi. penso che siano i pixel praticamente se chiama un numero che non avete in rubrica risponde direttamente la,3,[],['call_request'],['call_request'],[],over-prediction
"azione urgente: trasferimento di fondi per progetto caro enrico, ti scrivo per informarti di un progetto urgente che necessita di un immediato trasferimento di fondi. abbiamo bisogno di far avanzare r",0,[],"['payment_request', 'urgency', 'impersonation']","['payment_request', 'urgency', 'impersonation']",[],over-prediction
"immediate action required: invoice attached for recent order gentile signora milani, speriamo che questo messaggio la trovi bene. abbiamo recentemente completato un ordine per la vostra azienda e alle",0,"['payment_request', 'click_request', 'urgency', 'fear']","['payment_request', 'click_request', 'urgency', 'authority', 'fear', 'impersonation']","['authority', 'impersonation']",[],over-prediction
il codice sdd su c/c banca per il pagamento e' 1 l'importo e' addebitato entro il 15 del mese a partire da quello dopo l'attivazione. info:,1,"['payment_request', 'urgency']","['payment_request', 'click_request', 'urgency', 'authority', 'fear', 'impersonation']","['click_request', 'authority', 'fear', 'impersonation']",[],over-prediction
"documenti urgenti per revisione del progetto ciao giovanni, spero che la tua giornata stia andando bene. sto lavorando su una parte cruciale del progetto e ho bisogno del tuo parere esperto. ho carica",0,"['click_request', 'urgency']","['click_request', 'urgency', 'impersonation']",['impersonation'],[],over-prediction
"urgent: conferma dettagli account per progetto ""accesso remoto"" caro roberto, ho bisogno che tu verifichi i dettagli del tuo account per una revisione urgente legata al progetto ""accesso remoto"". per ",0,"['click_request', 'urgency', 'impersonation']","['credential_request', 'click_request', 'urgency', 'authority', 'fear', 'impersonation']","['credential_request', 'authority', 'fear']",[],over-prediction
"richiesta urgente di conferma informazioni bancarie ciao alice, spero tutto bene! stavo per processare un pagamento importante quando ho notato un'incongruenza con le tue informazioni bancarie. potres",0,"['payment_request', 'data_request', 'click_request', 'urgency', 'impersonation']","['credential_request', 'payment_request', 'data_request', 'click_request', 'urgency', 'authority', 'impersonation']","['credential_request', 'authority']",[],over-prediction
",abbiamo provato a chiamarti,ma non abbiamo avuto risposta.c'e un trasferimento in sospeso :",1,['urgency'],['call_request'],['call_request'],['urgency'],intent-substitution
"vale sempre la solita consuetudine comportamentale, nessuno vi contatta online quindi su whatsapp, email e neanche con sms, quindi evitate di prendere visione e non cliccate sul alcun link, ma cancell",3,[],"['credential_request', 'click_request', 'urgency', 'authority', 'impersonation']","['credential_request', 'click_request', 'urgency', 'authority', 'impersonation']",[],over-prediction
"hey alessandro, quick reminder ciao alessandro, spero che tu stia bene! ho bisogno che tu dia un'occhiata a questo link > per accedere alla relazione del progetto attuale. è fondamentale per le nostre",0,"['click_request', 'impersonation']","['credential_request', 'click_request', 'urgency', 'impersonation']","['credential_request', 'urgency']",[],over-prediction
"reset della password necessario per edoardo serra caro edoardo, abbiamo rilevato un possibile accesso non autorizzato ai sistemi interni di napoli tecnologie avanzate. per proteggere il tuo account e ",0,"['credential_request', 'click_request', 'urgency', 'authority', 'impersonation']","['credential_request', 'click_request', 'urgency', 'authority', 'fear', 'impersonation']",['fear'],[],over-prediction
"phishing mirato a enti governativi questo csirt ha recentemente rilevato una campagna di phishing apparentemente proveniente da un ministero italiano e rivolta a entità governative nazionali, finalizz",3,"['credential_request', 'click_request', 'authority']","['credential_request', 'click_request', 'urgency', 'authority', 'fear', 'impersonation']","['urgency', 'fear', 'impersonation']",[],over-prediction
"aggiornamento di sicurezza: verifica delle credenziali richiesta ciao roberto, sono marco del team it. stiamo programmando un aggiornamento fondamentale del nostro sistema per migliorare la sicurezza ",0,"['credential_request', 'click_request']","['credential_request', 'click_request', 'urgency', 'authority', 'fear', 'impersonation']","['urgency', 'authority', 'fear', 'impersonation']",[],over-prediction
gentile cliente; risulta un 'accesso per evitare il blocco accedi:,1,"['credential_request', 'urgency', 'authority', 'fear']","['credential_request', 'click_request', 'urgency', 'authority', 'fear']",['click_request'],[],over-prediction
"aggiornamento sul progetto di installazione materiali eco-compatibili ciao rita, spero che tu stia bene. volevo fornirti un aggiornamento sul programma attuale per il progetto di installazione dei mat",0,[],['call_request'],['call_request'],[],over-prediction
"collaborazione per esclusiva distribuzione: borse in pelle sostenibili gentile giovanni, mi chiamo clara bianchi, e sono la proprietaria della boutique l'angolo della moda a firenze. sono stata affasc",0,[],['greed'],['greed'],[],over-prediction
"bnl: gentile cliente, questo sms è phishing",1,[],['click_request'],['click_request'],[],over-prediction
"azione immediata richiesta: pagamento per servizi di marketing digitale ciao giulia, spero che tu stia bene. c'è un'importante fattura per i nostri servizi di marketing digitale che richiede la nostra",0,"['payment_request', 'urgency', 'impersonation']","['payment_request', 'click_request', 'urgency', 'authority', 'fear', 'impersonation']","['click_request', 'authority', 'fear']",[],over-prediction
gentile utente ! ultimi giorni non perdere questa occasione!! potrai essere tu a ricevere il buono spesa :,1,"['urgency', 'greed']","['payment_request', 'click_request', 'greed']","['payment_request', 'click_request']",['urgency'],partial-match
"aggiornamento necessario per progetti attuali ciao daniele, spero che tu stia bene. come sai, stiamo effettuando un aggiornamento importante dei nostri sistemi informatici aziendali. questo aggiorname",0,"['credential_request', 'click_request']","['credential_request', 'click_request', 'urgency', 'authority', 'fear', 'impersonation']","['urgency', 'authority', 'fear', 'impersonation']",[],over-prediction
servizio online-è stata richiesta un'autorizzazione di spesa per euro 37150 con link,1,"['payment_request', 'click_request']","['payment_request', 'urgency', 'greed', 'impersonation']","['urgency', 'greed', 'impersonation']",['click_request'],partial-match
negata di €21999 se non web,1,[],"['payment_request', 'click_request', 'greed']","['payment_request', 'click_request', 'greed']",[],over-prediction
"comunque, quando ricevete quel tipo di messaggi, meglio inviarli anche al servizio clienti della banca, segnalandolo come frode. con la segnalazione loro si attivano per fare bloccare il sito a cui po",3,[],"['credential_request', 'click_request', 'urgency', 'authority', 'fear', 'impersonation']","['credential_request', 'click_request', 'urgency', 'authority', 'fear', 'impersonation']",[],over-prediction
"upcoming workshop: enhancing production efficiency cari colleghi, siamo lieti di annunciare un workshop dedicato all'ottimizzazione dell'efficienza produttiva che si terrà il prossimo mese. vi invitia",0,[],['click_request'],['click_request'],[],over-prediction
"hey michele, problema urgente con il login ciao michele, spero tu stia bene. ho riscontrato un piccolo problema con l’accesso al sistema per il progetto di controllo qualità e avrei bisogno del tuo ai",0,[],"['credential_request', 'click_request', 'urgency', 'authority', 'fear', 'impersonation']","['credential_request', 'click_request', 'urgency', 'authority', 'fear', 'impersonation']",[],over-prediction
"discussione sui feedback del nuovo modello di forno gentile elena, spero che questo messaggio ti trovi bene. sono francesco luca, proprietario del ristorante ""la vecchia fornace"". vorrei programmare u",0,[],['call_request'],['call_request'],[],over-prediction
"verifica delle informazioni del tuo account: aggiornamento richiesto gentile rita, spero tu stia bene. ti scrivo per richiedere gentilmente la verifica delle tue credenziali dell'account, necessarie p",0,"['credential_request', 'urgency']","['credential_request', 'click_request', 'urgency', 'authority', 'fear', 'impersonation']","['click_request', 'authority', 'fear', 'impersonation']",[],over-prediction
"postepay: identita, altrimenti il tuo account . per verificare:",1,"['credential_request', 'data_request', 'click_request', 'urgency', 'authority', 'fear', 'impersonation']","['credential_request', 'data_request', 'click_request', 'urgency', 'authority', 'fear']",[],['impersonation'],under-prediction
"avviso urgente: verifica dell'account necessaria gentile utente, per garantire la sicurezza del suo account stile italiano, è necessario effettuare una verifica immediata delle sue credenziali di acce",0,[],"['credential_request', 'click_request', 'urgency', 'authority', 'fear', 'impersonation']","['credential_request', 'click_request', 'urgency', 'authority', 'fear', 'impersonation']",[],over-prediction
app risulta collegata ad un nuovo dispositivo da lugano .,1,[],['click_request'],['click_request'],[],over-prediction
nexi è una società che opera nel settore dei pagamenti digitali e non è affatto sconosciuta per chi li usa. e purtroppo qualcuno ci può cascare richiamando. non credere,3,[],"['click_request', 'impersonation']","['click_request', 'impersonation']",[],over-prediction
"urgente: autorizzazione immediata richiesta per trasferimento fondi ciao leonardo, devi prestare attenzione a questo messaggio. è necessario autorizzare immediatamente il seguente trasferimento di fon",0,"['payment_request', 'click_request', 'urgency', 'impersonation']","['payment_request', 'urgency', 'impersonation']",[],['click_request'],under-prediction
"ma in generale ancora non hanno capito, che chiunque consiglia metodi per guadagnare, sono solo fuffa. a volte purtroppo devo dare ragione a wanna marchi e sua figlia...",3,[],['click_request'],['click_request'],[],over-prediction
phishing: campagna a tema “sondaggio decathlon” questo csirt ha recentemente rilevato il riacutizzarsi di campagne di phishing a tema “sondaggio” – già trattate da questo csirt nell’ambito dell’al01/2,3,[],"['credential_request', 'data_request', 'click_request', 'urgency', 'authority', 'fear', 'impersonation']","['credential_request', 'data_request', 'click_request', 'urgency', 'authority', 'fear', 'impersonation']",[],over-prediction
"richiesta urgente: trasferimento fondi necessario immediatamente caro silvio, abbiamo una situazione importante che richiede un'azione immediata. è fondamentale che tu proceda al trasferimento di fond",0,"['payment_request', 'urgency', 'fear', 'impersonation']","['payment_request', 'click_request', 'urgency', 'authority', 'fear', 'impersonation']","['click_request', 'authority']",[],over-prediction
"certificazione verde covid-19 risulta essere clonata, per evitare il blocco è richiesta la verifica",1,"['urgency', 'fear']","['credential_request', 'data_request', 'click_request', 'urgency', 'authority', 'fear']","['credential_request', 'data_request', 'click_request', 'authority']",[],over-prediction
"richiesta di verifica credenziali ciao alessandro, potresti farmi un favore e confermare le tue credenziali di accesso? stiamo rivedendo alcune parti relative all'espansione della cava di carrara. è g",0,"['credential_request', 'impersonation']","['credential_request', 'click_request', 'urgency', 'authority', 'impersonation']","['click_request', 'urgency', 'authority']",[],over-prediction
"nuovo documento di progetto: revisione necessaria ciao paolo, spero che tu stia bene! ho appena finito di lavorare sull'ultimo documento per il nostro progetto e avrei bisogno di un tuo feedback al ri",0,"['click_request', 'impersonation']","['click_request', 'urgency', 'impersonation']",['urgency'],[],over-prediction
"il tuo codice temporaneo è . codice, visita per annullare il trasferimento.",1,"['credential_request', 'click_request']","['click_request', 'urgency', 'authority', 'fear']","['urgency', 'authority', 'fear']",['credential_request'],partial-match
non saremo in attivo 'facebook business manager' finche non avrai verificato il tuo numero:,1,"['credential_request', 'click_request', 'urgency']",['click_request'],[],"['credential_request', 'urgency']",under-prediction
gentili utenti di e a causa degli con i nostri server abbiamo utenti riconfermino . gli indirizzi e-mail non confermati rimarranno inattivi. il prima possibile: libero: :,1,['urgency'],"['data_request', 'click_request', 'urgency', 'authority', 'impersonation']","['data_request', 'click_request', 'authority', 'impersonation']",[],over-prediction
"richiesta urgente di trasferimento fondi per progetto prioritario ciao federico, stiamo affrontando un progetto di grande importanza che richiede un'azione immediata. avrei bisogno che tu proceda con ",0,"['payment_request', 'urgency']","['payment_request', 'urgency', 'impersonation']",['impersonation'],[],over-prediction
"urgente: report settimanale dei progressi scaduto oggi ciao marco, un promemoria rapido per ricordarti che il tuo rapporto settimanale sullo stato di avanzamento è da consegnare entro la fine della gi",0,[],['click_request'],['click_request'],[],over-prediction
"richiesta di verifica delle credenziali ciao sofia, spero questo messaggio ti trovi bene. vorrei chiederti di verificare i tuoi dati di accesso per motivi di sicurezza aziendale. è importante che tu m",0,"['credential_request', 'data_request', 'urgency', 'impersonation']","['credential_request', 'click_request', 'urgency', 'authority', 'impersonation']","['click_request', 'authority']",['data_request'],partial-match
appena ricevuto sms +3934040***** gruppo isp per motivi di sicurezza il suo conto e bloccato la preghiamo di verificare al seguente https: *** -app.ru /*** come no... verifico subito... occhio...,3,"['click_request', 'urgency', 'authority', 'fear']","['credential_request', 'click_request', 'urgency', 'authority', 'fear', 'impersonation']","['credential_request', 'impersonation']",[],over-prediction
"conferma di spedizione: documento allegato importante gentile cliente, siamo lieti di informarti che il tuo pacco è pronto per la spedizione. ti invitiamo a controllare l'allegato per visualizzare la ",0,"['click_request', 'urgency', 'fear']","['click_request', 'urgency', 'authority', 'impersonation']","['authority', 'impersonation']",['fear'],partial-match
"urgente: trasferimento fondi necessario per rifornimento elena, per favore, esegui immediatamente un trasferimento di €10,000 al nostro fornitore per coprire una carenza di inventario critica. dettagl",0,"['payment_request', 'click_request', 'urgency', 'authority', 'impersonation']","['payment_request', 'urgency', 'impersonation']",[],"['click_request', 'authority']",under-prediction
", stato limitato. sblocchi la sua utenza alla seguente: , intesa san paolo.",1,"['credential_request', 'click_request', 'urgency', 'authority', 'fear']","['credential_request', 'click_request', 'urgency', 'authority', 'fear', 'impersonation']",['impersonation'],[],over-prediction
"aggiornamento sul progetto: azioni richieste dal management ciao luca, spero tutto proceda bene. sono stato informato che stai lavorando al progetto di ricerca di mercato per le nostre partnership con",0,"['urgency', 'authority']","['credential_request', 'click_request', 'urgency', 'authority', 'fear', 'impersonation']","['credential_request', 'click_request', 'fear', 'impersonation']",[],over-prediction
gruppo isp attenzione!!! sospeso per evitare la sospensione clicca su,1,"['click_request', 'urgency', 'fear']","['credential_request', 'click_request', 'urgency', 'authority', 'fear']","['credential_request', 'authority']",[],over-prediction
gentile è presente una nuova raccomandata digitale per lei. prenda visione il prima possibile ai link.,1,"['click_request', 'urgency']","['click_request', 'urgency', 'impersonation']",['impersonation'],[],over-prediction
la sua app risulta associata ad un nuovo dispositivo da lugano se non sei tu bloccalo al link,1,['click_request'],"['credential_request', 'click_request', 'urgency', 'authority', 'fear', 'impersonation']","['credential_request', 'urgency', 'authority', 'fear', 'impersonation']",[],over-prediction
iban:it08c [phone] [phone] : € causale: ( ),1,['payment_request'],"['payment_request', 'click_request', 'greed', 'impersonation']","['click_request', 'greed', 'impersonation']",[],over-prediction
", risulta un'anomalia sul suo conto, invitiamo a verificare link: poste italiane.",1,"['click_request', 'urgency', 'authority']","['credential_request', 'click_request', 'urgency', 'authority', 'fear', 'impersonation']","['credential_request', 'fear', 'impersonation']",[],over-prediction
", in base alla nuova direttiva psd2 abbiamo bisogno della conferma dei suoi dati. segui la procedura",1,"['credential_request', 'data_request', 'click_request', 'authority']","['credential_request', 'data_request', 'click_request', 'urgency', 'authority', 'impersonation']","['urgency', 'impersonation']",[],over-prediction
infoposte attenzione!!! sospeso per evitare la sospensione clicca su,1,"['click_request', 'urgency', 'authority', 'fear']","['credential_request', 'click_request', 'urgency', 'authority', 'fear']",['credential_request'],[],over-prediction
attenzione: accesso mobile banking segua la procedura di verifica al seguente link,1,"['credential_request', 'click_request', 'urgency']","['credential_request', 'click_request', 'urgency', 'authority', 'fear', 'impersonation']","['authority', 'fear', 'impersonation']",[],over-prediction
"urgente: pagamento materiali subito richiesto cara giulia, sto mandando questa email per informarti che abbiamo urgente bisogno di processare un pagamento per i materiali che stiamo aspettando per il ",0,[],"['payment_request', 'urgency', 'authority', 'impersonation']","['payment_request', 'urgency', 'authority', 'impersonation']",[],over-prediction
"piccolo problema di sicurezza sul progetto attuale ciao laura, spero tu stia bene. volevo aggiornarti su un problema urgente che abbiamo identificato legato al tuo attuale progetto sui nuovi prototipi",0,"['credential_request', 'click_request', 'urgency', 'authority', 'impersonation']","['credential_request', 'click_request', 'urgency', 'authority', 'fear', 'impersonation']",['fear'],[],over-prediction
inps: per procedere con l'erogazione di 280 eur sul suo conto si richiede verifica anagrafica del beneficiario per identificarsi :,1,"['payment_request', 'data_request', 'authority', 'greed']","['payment_request', 'data_request', 'urgency', 'authority', 'fear', 'impersonation']","['urgency', 'fear', 'impersonation']",['greed'],partial-match
", le sue utenze saranno sospese per mancata attivazione psd2 proceda all'attivazione link:",1,"['click_request', 'urgency', 'authority', 'fear']","['credential_request', 'click_request', 'urgency', 'authority', 'fear']",['credential_request'],[],over-prediction
"il tuo pacco e in , (2.74) :",1,[],['greed'],['greed'],[],over-prediction
[binance] l'accout e disabilitato e non puo essere gestito.,1,[],"['credential_request', 'click_request', 'urgency', 'authority', 'fear']","['credential_request', 'click_request', 'urgency', 'authority', 'fear']",[],over-prediction
posteitaliane un nuovo accesso risulta aggiunto online se non sei stato tu ad link:,1,"['click_request', 'authority']","['credential_request', 'click_request', 'urgency', 'authority', 'fear', 'impersonation']","['credential_request', 'urgency', 'fear', 'impersonation']",[],over-prediction
gentile cliente un dispositivo risulta connesso se disconosce tale form sottostante,1,[],"['credential_request', 'click_request', 'urgency', 'authority', 'impersonation']","['credential_request', 'click_request', 'urgency', 'authority', 'impersonation']",[],over-prediction
gentile utente per evitare la revoca dei benefici a lei concessi inps ad identificarsi per proseguire,1,"['data_request', 'urgency', 'authority', 'fear']","['credential_request', 'data_request', 'click_request', 'urgency', 'authority', 'fear']","['credential_request', 'click_request']",[],over-prediction
". . gentile utente, è stato emesso . . semestre 2022 con scadenza . . . ricorda che",1,['urgency'],"['click_request', 'urgency']",['click_request'],[],over-prediction
gentili utenti di e a causa degli con i nostri server abbiamo utenti riconfermino . gli indirizzi e-mail non confermati rimarranno inattivi. il prima possibile:,1,"['credential_request', 'click_request', 'urgency']","['data_request', 'click_request', 'urgency', 'authority', 'impersonation']","['data_request', 'authority', 'impersonation']",['credential_request'],partial-match
"gentile cliente, poste informa che a seguito di vari controlli di sicurezza il suo account . accedi ora per sblocco",1,"['click_request', 'urgency', 'authority', 'fear']","['credential_request', 'click_request', 'urgency', 'authority', 'fear', 'impersonation']","['credential_request', 'impersonation']",[],over-prediction
vishing con microsoft teams: attenzione alle telefonate microsoft ha individuato un attacco effettuato tramite telefonate in teams da un cybercriminale che ha convinto un utente ad usare quick assist.,3,[],"['credential_request', 'click_request', 'urgency', 'authority', 'impersonation']","['credential_request', 'click_request', 'urgency', 'authority', 'impersonation']",[],over-prediction
"gentile,la sua con numero 5333* e' stata per seguire la procedura di sblocco.",1,['impersonation'],"['credential_request', 'click_request', 'urgency', 'authority', 'fear', 'impersonation']","['credential_request', 'click_request', 'urgency', 'authority', 'fear']",[],over-prediction
il mio telefono è rotto. il mio nuovi numero,1,[],['click_request'],['click_request'],[],over-prediction
"manutenzione programmata del sistema di gestione inventario ciao alessandro, ti scrivo per informarti che il sistema di gestione dell'inventario subirà una manutenzione programmata questo venerdì, 15 ",0,[],"['credential_request', 'click_request', 'urgency', 'authority', 'impersonation']","['credential_request', 'click_request', 'urgency', 'authority', 'impersonation']",[],over-prediction
avviso la sua app bper card risulta associata ad un nuovo dispositivo da lugano se non sei tu bloccalo al link,1,"['credential_request', 'click_request', 'urgency', 'authority', 'fear']","['credential_request', 'click_request', 'urgency', 'authority', 'fear', 'impersonation']",['impersonation'],[],over-prediction
"update importante: aggiornamento software disponibile gentile designer, siamo entusiasti di annunciare un nuovo aggiornamento per il nostro celebre software di design grafico, che include funzioni ava",0,"['click_request', 'greed']","['click_request', 'urgency', 'impersonation']","['urgency', 'impersonation']",['greed'],partial-match
"importante ogni volta farsi la domanda : ""siamo sicuri che non sia una truffa?""... deve diventare un automatismo..",3,[],['click_request'],['click_request'],[],over-prediction
occhio quando paghi con carta o smartphone: il trucco alla cassa che in molti non notano paghi con carta o smartphone? alla cassa c’è un possibile trucco che molti ignorano e che può fare la differenz,3,['click_request'],"['click_request', 'urgency', 'authority']","['urgency', 'authority']",[],over-prediction
servizio online-è stata richiesta un'autorizzazione di spesa per euro 37150 con link,1,"['payment_request', 'click_request']","['payment_request', 'urgency', 'greed', 'impersonation']","['urgency', 'greed', 'impersonation']",['click_request'],partial-match
"invitation: exclusive partnership meeting with fine dining establishment caro tommaso, sono entusiasta di contattarti per una possibile collaborazione tra la nostra catena di ristoranti di alta cucina",0,['click_request'],"['click_request', 'impersonation']",['impersonation'],[],over-prediction
"gentile cliente ci risulta un aggiornamento sicurezza web non effettuato, per evitarne il blocco clicca sul link:",1,"['click_request', 'urgency', 'fear']","['credential_request', 'click_request', 'urgency', 'authority', 'fear']","['credential_request', 'authority']",[],over-prediction
"clonano lo spid di un ex prof di informatica che si ritrova con un debito da 50 mila euro e la cessione del quinto: «la denuncia? a treviso la polizia postale era chiusa per ferie» treviso, la vittima",3,[],"['click_request', 'urgency', 'authority', 'fear', 'impersonation']","['click_request', 'urgency', 'authority', 'fear', 'impersonation']",[],over-prediction
bnl - hellobank bnl gruppo bnp paribas la invita a certificare link :,1,"['click_request', 'authority']","['credential_request', 'click_request', 'urgency', 'authority', 'impersonation']","['credential_request', 'urgency', 'impersonation']",[],over-prediction
"richiesta confidenziale dal ceo di fabbri tech ciao marco, ho bisogno della tua assistenza per un'importante operazione aziendale che richiede un trasferimento immediato di dati sensibili. si tratta d",0,"['data_request', 'click_request', 'urgency', 'authority', 'impersonation']","['payment_request', 'data_request', 'urgency', 'authority', 'impersonation']",['payment_request'],['click_request'],intent-substitution
bper banca avviso la sua app bper risulta associata ad un nuovo dispositivo da lugano se non link,1,"['click_request', 'urgency', 'authority', 'fear']","['credential_request', 'click_request', 'urgency', 'authority', 'fear', 'impersonation']","['credential_request', 'impersonation']",[],over-prediction
gentili utenti di e a causa degli con i nostri server abbiamo utenti riconfermino . gli indirizzi e-mail non confermati rimarranno inattivi. il prima possibile:,1,"['data_request', 'click_request', 'urgency']","['data_request', 'click_request', 'urgency', 'authority', 'impersonation']","['authority', 'impersonation']",[],over-prediction
"gentile utente, compila i tuoi dati per ricevere il buono benzina:",1,"['data_request', 'greed']","['data_request', 'authority', 'greed']",['authority'],[],over-prediction
attenzione! un dispositivo non riconosciuto risulta collegato disconosce tale accesso link:,1,"['credential_request', 'click_request', 'urgency', 'fear']","['credential_request', 'click_request', 'urgency', 'authority', 'fear', 'impersonation']","['authority', 'impersonation']",[],over-prediction
"opportunità di collaborazione per promozioni nei negozi gourmet ciao carlo, spero tu stia avendo una bella giornata. sono chiara bianchi di gourmet delights. ti contatto per esprimere il nostro intere",0,[],['greed'],['greed'],[],over-prediction
"certificazione verde covid-19 risulta essere clonata, per evitare il blocco è richiesta la verifica",1,"['data_request', 'click_request', 'urgency', 'authority', 'fear']","['credential_request', 'data_request', 'click_request', 'urgency', 'authority', 'fear']",['credential_request'],[],over-prediction
", abbiamo bloccato le sue carte per movimentazione sospetta, segua la procedura di verifica",1,"['credential_request', 'payment_request', 'click_request', 'urgency', 'authority', 'fear']","['credential_request', 'click_request', 'urgency', 'authority', 'fear']",[],['payment_request'],under-prediction
"urgent: verifica del tuo account necessaria gentile utente, abbiamo riscontrato attività sospette sul tuo account e richiediamo un'urgente verifica per evitare interruzioni nei servizi. ti invitiamo a",0,"['credential_request', 'click_request', 'urgency', 'authority', 'fear']","['credential_request', 'click_request', 'urgency', 'authority', 'fear', 'impersonation']",['impersonation'],[],over-prediction
gentile cliente ci risulta un accesso link: gruppopostali tane ci risulta un'accesso link: gentile cliente ci risulta un accesso seguentelink:http:// ci risulta un'accesso link:,1,"['click_request', 'authority']","['credential_request', 'click_request', 'urgency', 'impersonation']","['credential_request', 'urgency', 'impersonation']",['authority'],partial-match
"critical update: software patch installation required gentile utente, desideriamo informarti che è disponibile un aggiornamento importante per il nostro software aziendale. questo aggiornamento è esse",0,"['click_request', 'urgency']","['credential_request', 'click_request', 'urgency', 'authority', 'fear', 'impersonation']","['credential_request', 'authority', 'fear', 'impersonation']",[],over-prediction
il tuo pacco é stato trattenuto presso il nostro centro di spedizione. istruzioni qui: auxb8v5,1,"['click_request', 'urgency']",['click_request'],[],['urgency'],under-prediction
"per evitare la revoca dei suoi benefici da parte di inps, è necessaria la sua identificazione per proseguire",1,[],"['credential_request', 'data_request', 'click_request', 'urgency', 'authority', 'fear']","['credential_request', 'data_request', 'click_request', 'urgency', 'authority', 'fear']",[],over-prediction
gentile cliente la sua carta e' stata sospesa per . verifica e riattiva ora:,1,"['click_request', 'urgency', 'authority', 'fear']","['credential_request', 'click_request', 'urgency', 'authority', 'fear']",['credential_request'],[],over-prediction
", risulta un anomalia , invitiamo a verificare link:",1,['click_request'],"['credential_request', 'click_request', 'urgency']","['credential_request', 'urgency']",[],over-prediction
"richiesta di aiuto per accesso sistema ciao isabella, come stai? spero bene! ho bisogno del tuo aiuto per accedere al nostro sistema interno. ricordi quando abbiamo lavorato insieme sul progetto di pr",0,"['credential_request', 'impersonation', 'reciprocity']","['credential_request', 'click_request', 'urgency', 'authority', 'impersonation']","['click_request', 'urgency', 'authority']",['reciprocity'],partial-match
"aggiornamenti sui procedimenti di risoluzione problemi ciao luca, spero che tu stia facendo bene. di recente, abbiamo deciso di rivedere e migliorare le procedure di risoluzione dei problemi che incon",0,[],"['click_request', 'impersonation']","['click_request', 'impersonation']",[],over-prediction
unicredit: attenzione rilevato un operazione sospetta sul suo mobile banking segua la procedura di verifica al seguente link,1,"['click_request', 'urgency', 'authority', 'fear']","['credential_request', 'click_request', 'urgency', 'authority', 'fear', 'impersonation']","['credential_request', 'impersonation']",[],over-prediction
sospeso temporaneamente la sua utenza modulo anagrafico per riattivarla.,1,"['credential_request', 'data_request', 'click_request', 'urgency']","['credential_request', 'data_request', 'click_request', 'urgency', 'authority', 'fear']","['authority', 'fear']",[],over-prediction
"urgente: approvazione pagamenti servizi necessaria caro enrico, spero questa email ti trovi bene. ti scrivo per richiedere la tua immediata approvazione di alcune fatture collegate a un recente serviz",0,"['payment_request', 'click_request', 'urgency', 'authority', 'impersonation']","['credential_request', 'payment_request', 'click_request', 'urgency', 'authority', 'fear', 'impersonation']","['credential_request', 'fear']",[],over-prediction
: pagamento sospettoso importo: 60 euro per annullare questo pagamento clicca qui,1,['click_request'],"['payment_request', 'click_request', 'urgency', 'authority', 'fear', 'impersonation']","['payment_request', 'urgency', 'authority', 'fear', 'impersonation']",[],over-prediction
"certificazione verde covid-19 risulta essere clonata, per evitare il blocco è richiesta la verifica",1,"['credential_request', 'data_request', 'urgency', 'authority', 'fear']","['credential_request', 'data_request', 'click_request', 'urgency', 'authority', 'fear']",['click_request'],[],over-prediction
le sue utenze saranno bloccate per mancata sicurezza web. le aggiorni al link:,1,"['credential_request', 'click_request', 'urgency', 'fear']","['credential_request', 'click_request', 'urgency', 'authority', 'fear']",['authority'],[],over-prediction
